{
  "blogs": [
    {
      "Brand": "Samsung Galaxy A70",
      "Price": "$305.00",
      "Screen": "6.7",
      "Pixels": "1080 x 2400",
      "Resolution": "393 PPI",
      "Storage": "128 GB",
      "Ram": "6 GB",
      "Battery": "4500 mAh",
      "Weight": "6.46 ounces",
      "id": 1
    },
    {
      "Brand": "OnePlus 71 pro",
      "Price": "$459.00",
      "Screen": "6.67 inches",
      "Pixels": "1440 x 3120",
      "Resolution": "515 PPi",
      "Storage": "256 GB",
      "Ram": "8 GB",
      "Battery": "4085 mAh",
      "Weight": "7.27 ounces",
      "id": 2
    },
    {
      "Brand": "Apple iPhone XR",
      "Price": "$168.98",
      "Screen": "6.1 inches",
      "Pixels": "828 x 1792",
      "Resolution": "324 PPI",
      "Storage": "64 GB",
      "Ram": "3 GB",
      "Battery": "2942 mAh",
      "Weight": "6.84 ounces",
      "id": 3
    },
    {
      "Brand": "Samsung Galaxy A11",
      "Price": "$80.00",
      "Screen": "6.4 inches",
      "Pixels": "720 x 1560",
      "Resolution": "268 PPI",
      "Storage": "32 GB",
      "Ram": "2 GB",
      "Battery": "4000 mAh",
      "Weight": "6.24 ounces",
      "id": 4
    }
  ],
  "info": {
    "Info": "to simulate an API from this db.json, type the following commande in the terminal window: npx json-server --watch db.json --port 8000"
  }
}